<?xml version="1.0" encoding="UTF-8"?>
<project-private xmlns="http://www.netbeans.org/ns/project-private/1">
    <editor-bookmarks xmlns="http://www.netbeans.org/ns/editor-bookmarks/2" lastBookmarkId="0"/>
    <open-files xmlns="http://www.netbeans.org/ns/projectui-open-files/2">
        <group>
            <file>file:/C:/Users/Administrator/Documents/NetBeansProjects/Quan_ly__ban_dien_thoai/src/quan_ly__ban_do_dien_tu/Products.java</file>
            <file>file:/C:/Users/Administrator/Documents/NetBeansProjects/Quan_ly__ban_dien_thoai/src/quan_ly__ban_do_dien_tu/PC.java</file>
            <file>file:/C:/Users/Administrator/Documents/NetBeansProjects/Quan_ly__ban_dien_thoai/src/quan_ly__ban_do_dien_tu/ListProduct.java</file>
            <file>file:/C:/Users/Administrator/Documents/NetBeansProjects/Quan_ly__ban_dien_thoai/src/quan_ly__ban_do_dien_tu/Smartphone.java</file>
            <file>file:/C:/Users/Administrator/Documents/NetBeansProjects/Quan_ly__ban_dien_thoai/src/quan_ly__ban_do_dien_tu/main.java</file>
            <file>file:/C:/Users/Administrator/Documents/NetBeansProjects/Quan_ly__ban_dien_thoai/src/quan_ly__ban_do_dien_tu/Menu.java</file>
            <file>file:/C:/Users/Administrator/Documents/NetBeansProjects/Quan_ly__ban_dien_thoai/src/quan_ly__ban_do_dien_tu/ListCustomer.java</file>
            <file>file:/C:/Users/Administrator/Documents/NetBeansProjects/Quan_ly__ban_dien_thoai/src/quan_ly__ban_do_dien_tu/IInsert.java</file>
            <file>file:/C:/Users/Administrator/Documents/NetBeansProjects/Quan_ly__ban_dien_thoai/src/quan_ly__ban_do_dien_tu/Laptop.java</file>
            <file>file:/C:/Users/Administrator/Documents/NetBeansProjects/Quan_ly__ban_dien_thoai/src/quan_ly__ban_do_dien_tu/Order.java</file>
            <file>file:/C:/Users/Administrator/Documents/NetBeansProjects/Quan_ly__ban_dien_thoai/src/quan_ly__ban_do_dien_tu/Customer.java</file>
            <file>file:/C:/Users/Administrator/Documents/NetBeansProjects/Quan_ly__ban_dien_thoai/src/quan_ly__ban_do_dien_tu/Imenu.java</file>
        </group>
    </open-files>
</project-private>
